run_id,best_metric,best_epoch,ckpt_path,model,backbone,features,excluded_folders,mse_weight_epochs,mse_weight_start,lr,weight_decay,pred_activation,activation_eps,seed
038b99a7eba8,2.8178120363189514,21,/home/dominik/repo/checkpoints/sweep/compare-old/film_resnet18_e021_de002.8178.pt,film,resnet18,image+mean+meta,pixel+samsung,75,1.0,0.001,0.0001,sigmoid_eps,0.001,100
b82111e84bd3,2.8831146395350076,21,/home/dominik/repo/checkpoints/sweep/compare-old/film_resnet18_e021_de002.8831.pt,film,resnet18,image+mean+meta,pixel+samsung,10,1.0,0.001,0.0001,sigmoid_eps,0.001,100
2f99cd4fc717,3.3147956171343402,24,/home/dominik/repo/checkpoints/sweep/compare-old/film_resnet18_e024_de003.3148.pt,film,resnet18,image+mean+meta,samsung,0,1.0,0.001,0.0001,sigmoid_eps,0.001,100
ec04b1e101bd,2.8700436942548637,27,/home/dominik/repo/checkpoints/sweep/compare-old/film_resnet18_e027_de002.8700.pt,film,resnet18,image+meta,pixel+samsung,10,1.0,0.001,0.0001,sigmoid_eps,0.001,100
d4b8c83a31cf,3.0706985227523313,27,/home/dominik/repo/checkpoints/sweep/compare-old/film_resnet18_e027_de003.0707.pt,film,resnet18,image+mean+meta,samsung,75,1.0,0.001,0.0001,sigmoid_eps,0.001,100
83c3a0a758a1,2.9789233839655496,29,/home/dominik/repo/checkpoints/sweep/compare-old/film_resnet18_e029_de002.9789.pt,film,resnet18,image+meta,pixel+samsung,0,1.0,0.001,0.0001,sigmoid_eps,0.001,100
0d7745223d48,3.2069945181569746,36,/home/dominik/repo/checkpoints/sweep/compare-old/film_resnet18_e036_de003.2070.pt,film,resnet18,image+meta,samsung,10,1.0,0.001,0.0001,sigmoid_eps,0.001,100
8ebdf9d18602,2.829536505492337,35,/home/dominik/repo/checkpoints/sweep/compare-old/film_resnet18_e035_de002.8295.pt,film,resnet18,image+meta,pixel+samsung,75,1.0,0.001,0.0001,sigmoid_eps,0.001,100
5677972fad23,2.869950271421863,37,/home/dominik/repo/checkpoints/sweep/compare-old/film_resnet18_e037_de002.8700.pt,film,resnet18,image+meta,samsung,75,1.0,0.001,0.0001,sigmoid_eps,0.001,100
af4a5cfbd232,3.1747563731285835,37,/home/dominik/repo/checkpoints/sweep/compare-old/film_resnet18_e037_de003.1748.pt,film,resnet18,image+meta,samsung,0,1.0,0.001,0.0001,sigmoid_eps,0.001,100
e0c4639cb20d,2.5878132991043916,48,/home/dominik/repo/checkpoints/sweep/compare-old/film_resnet18_e048_de002.5878.pt,film,resnet18,image+mean+meta,pixel+samsung,0,1.0,0.001,0.0001,sigmoid_eps,0.001,100
ed53ab4d96bd,3.1559988215349724,45,/home/dominik/repo/checkpoints/sweep/compare-old/film_resnet18_e045_de003.1560.pt,film,resnet18,image+mean+meta,,10,1.0,0.001,0.0001,sigmoid_eps,0.001,100
9385ead0a361,3.195684259525244,50,/home/dominik/repo/checkpoints/sweep/compare-old/film_resnet18_e050_de003.1957.pt,film,resnet18,image+mean+meta,,0,1.0,0.001,0.0001,sigmoid_eps,0.001,100
2d7bf3820c28,3.3406793718752654,57,/home/dominik/repo/checkpoints/sweep/compare-old/film_resnet18_e057_de003.3407.pt,film,resnet18,image+meta,,0,1.0,0.001,0.0001,sigmoid_eps,0.001,100
0345daddf16e,3.034751282567563,63,/home/dominik/repo/checkpoints/sweep/compare-old/film_resnet18_e063_de003.0348.pt,film,resnet18,image+meta,,10,1.0,0.001,0.0001,sigmoid_eps,0.001,100
7cd30e767279,2.8323600485704947,73,/home/dominik/repo/checkpoints/sweep/compare-old/film_resnet18_e073_de002.8324.pt,film,resnet18,image+mean+meta,,75,1.0,0.001,0.0001,sigmoid_eps,0.001,100
4a16823d07f8,2.7777030115542205,83,/home/dominik/repo/checkpoints/sweep/compare-old/film_resnet18_e083_de002.7777.pt,film,resnet18,image+meta,,75,1.0,0.001,0.0001,sigmoid_eps,0.001,100
80f82ee029c0,2.5144071425161054,85,/home/dominik/repo/checkpoints/sweep/compare-old/film_resnet18_e085_de002.5144.pt,film,resnet18,image+mean+meta,samsung,10,1.0,0.001,0.0001,sigmoid_eps,0.001,100
a61313752441,3.279836085534865,24,/home/dominik/repo/checkpoints/sweep/compare-old/film_smallcnn_e024_de003.2798.pt,film,smallcnn,image+meta,samsung,75,1.0,0.001,0.0001,sigmoid_eps,0.001,100
a307aa3356f3,2.2735205084444527,83,/home/dominik/repo/checkpoints/sweep/compare-old/film_smallcnn_e083_de002.2735.pt,film,smallcnn,image+meta,pixel+samsung,75,1.0,0.001,0.0001,sigmoid_eps,0.001,100
c1f07783b6b0,3.2257559068741335,30,/home/dominik/repo/checkpoints/sweep/compare-old/film_smallcnn_e030_de003.2258.pt,film,smallcnn,image+mean+meta,samsung,75,1.0,0.001,0.0001,sigmoid_eps,0.001,100
090ca1dc4cb0,3.3961178779602053,33,/home/dominik/repo/checkpoints/sweep/compare-old/film_smallcnn_e033_de003.3961.pt,film,smallcnn,image+mean+meta,,10,1.0,0.001,0.0001,sigmoid_eps,0.001,100
e7abdb304b9f,2.810186269771622,34,/home/dominik/repo/checkpoints/sweep/compare-old/film_smallcnn_e034_de002.8102.pt,film,smallcnn,image+meta,pixel+samsung,10,1.0,0.001,0.0001,sigmoid_eps,0.001,100
f33b8b4ca71f,3.3585073146267215,37,/home/dominik/repo/checkpoints/sweep/compare-old/film_smallcnn_e037_de003.3585.pt,film,smallcnn,image+mean+meta,,0,1.0,0.001,0.0001,sigmoid_eps,0.001,100
39ac30690cb0,2.610275742519333,39,/home/dominik/repo/checkpoints/sweep/compare-old/film_smallcnn_e039_de002.6103.pt,film,smallcnn,image+mean+meta,pixel+samsung,0,1.0,0.001,0.0001,sigmoid_eps,0.001,100
067f1f0506e1,3.148500327141054,40,/home/dominik/repo/checkpoints/sweep/compare-old/film_smallcnn_e040_de003.1485.pt,film,smallcnn,image+meta,samsung,0,1.0,0.001,0.0001,sigmoid_eps,0.001,100
a5261d405807,3.1492559681768,42,/home/dominik/repo/checkpoints/sweep/compare-old/film_smallcnn_e042_de003.1493.pt,film,smallcnn,image+mean+meta,,75,1.0,0.001,0.0001,sigmoid_eps,0.001,100
68827d97d9f7,2.7423224602976153,53,/home/dominik/repo/checkpoints/sweep/compare-old/film_smallcnn_e053_de002.7423.pt,film,smallcnn,image+mean+meta,samsung,0,1.0,0.001,0.0001,sigmoid_eps,0.001,100
64377e871d5a,3.1887837714043217,47,/home/dominik/repo/checkpoints/sweep/compare-old/film_smallcnn_e047_de003.1888.pt,film,smallcnn,image+meta,,0,1.0,0.001,0.0001,sigmoid_eps,0.001,100
9a86cbd69b2b,2.608584919283467,55,/home/dominik/repo/checkpoints/sweep/compare-old/film_smallcnn_e055_de002.6086.pt,film,smallcnn,image+mean+meta,samsung,10,1.0,0.001,0.0001,sigmoid_eps,0.001,100
6544bb594985,2.3435854969254457,60,/home/dominik/repo/checkpoints/sweep/compare-old/film_smallcnn_e060_de002.3436.pt,film,smallcnn,image+meta,pixel+samsung,0,1.0,0.001,0.0001,sigmoid_eps,0.001,100
bba8779a6f72,3.2816390224125076,65,/home/dominik/repo/checkpoints/sweep/compare-old/film_smallcnn_e065_de003.2816.pt,film,smallcnn,image+meta,,75,1.0,0.001,0.0001,sigmoid_eps,0.001,100
6102c2ec8f4b,2.5466601532625863,77,/home/dominik/repo/checkpoints/sweep/compare-old/film_smallcnn_e077_de002.5467.pt,film,smallcnn,image+meta,pixel+samsung,75,1.0,0.001,0.0001,sigmoid_eps,0.001,100
47f2a37eeaa8,2.51877184068003,81,/home/dominik/repo/checkpoints/sweep/compare-old/film_smallcnn_e081_de002.5188.pt,film,smallcnn,image+meta,samsung,10,1.0,0.001,0.0001,sigmoid_eps,0.001,100
bb13b482261c,2.094589122088559,86,/home/dominik/repo/checkpoints/sweep/compare-old/film_smallcnn_e086_de002.0946.pt,film,smallcnn,image+mean+meta,pixel+samsung,75,1.0,0.001,0.0001,sigmoid_eps,0.001,100
c9f8d0357599,2.7835723614347154,97,/home/dominik/repo/checkpoints/sweep/compare-old/film_smallcnn_e097_de002.7836.pt,film,smallcnn,image+meta,,75,1.0,0.001,0.0001,sigmoid_eps,0.001,100
006f08047813,2.138440940753523,96,/home/dominik/repo/checkpoints/sweep/compare-old/film_smallcnn_e096_de002.1384.pt,film,smallcnn,image+mean+meta,pixel+samsung,10,1.0,0.001,0.0001,sigmoid_eps,0.001,100
1b823f3f09ef,2.7607361468715945,97,/home/dominik/repo/checkpoints/sweep/compare-old/film_smallcnn_e097_de002.7607.pt,film,smallcnn,image+meta,,10,1.0,0.001,0.0001,sigmoid_eps,0.001,100
2a04fd5d01c4,2.678055832184941,20,/home/dominik/repo/checkpoints/sweep/compare-old/late_resnet18_e020_de002.6781.pt,late,resnet18,image+mean+meta,pixel+samsung,75,1.0,0.001,0.0001,sigmoid_eps,0.001,100
56ee0d2c2881,2.8818487661430634,21,/home/dominik/repo/checkpoints/sweep/compare-old/late_resnet18_e021_de002.8818.pt,late,resnet18,image+meta,pixel+samsung,75,1.0,0.001,0.0001,sigmoid_eps,0.001,100
45ef00fcd184,2.751307674201138,23,/home/dominik/repo/checkpoints/sweep/compare-old/late_resnet18_e023_de002.7513.pt,late,resnet18,image+mean+meta,pixel+samsung,25,1.0,0.001,0.0001,sigmoid_eps,0.001,100
2aeb3013398f,3.1666029345604683,28,/home/dominik/repo/checkpoints/sweep/compare-old/late_resnet18_e028_de003.1666.pt,late,resnet18,image+meta,samsung,25,1.0,0.001,0.0001,sigmoid_eps,0.001,100
855951599a11,3.038908527743432,30,/home/dominik/repo/checkpoints/sweep/compare-old/late_resnet18_e030_de003.0389.pt,late,resnet18,image+mean+meta,samsung,75,1.0,0.001,0.0001,sigmoid_eps,0.001,100
65a122bc6a50,3.543002796173096,32,/home/dominik/repo/checkpoints/sweep/compare-old/late_resnet18_e032_de003.5430.pt,late,resnet18,image+meta,,75,1.0,0.001,0.0001,sigmoid_eps,0.001,100
b6431c2454eb,2.8746856335670716,39,/home/dominik/repo/checkpoints/sweep/compare-old/late_resnet18_e039_de002.8747.pt,late,resnet18,image+meta,samsung,75,1.0,0.001,0.0001,sigmoid_eps,0.001,100
e23b984653a3,2.8961966066475373,36,/home/dominik/repo/checkpoints/sweep/compare-old/late_resnet18_e036_de002.8962.pt,late,resnet18,image+meta,pixel+samsung,25,1.0,0.001,0.0001,sigmoid_eps,0.001,100
187bea222136,2.98845842576796,42,/home/dominik/repo/checkpoints/sweep/compare-old/late_resnet18_e042_de002.9885.pt,late,resnet18,image+mean+meta,samsung,25,1.0,0.001,0.0001,sigmoid_eps,0.001,100
19217b89a4cc,3.573857937688413,44,/home/dominik/repo/checkpoints/sweep/compare-old/late_resnet18_e044_de003.5739.pt,late,resnet18,image+meta,,25,1.0,0.001,0.0001,sigmoid_eps,0.001,100
54d452f2953d,3.216061310146166,50,/home/dominik/repo/checkpoints/sweep/compare-old/late_resnet18_e050_de003.2161.pt,late,resnet18,image+mean+meta,,75,1.0,0.001,0.0001,sigmoid_eps,0.001,100
d6e9f8133248,3.174722748217375,60,/home/dominik/repo/checkpoints/sweep/compare-old/late_resnet18_e060_de003.1747.pt,late,resnet18,image+mean+meta,,25,1.0,0.001,0.0001,sigmoid_eps,0.001,100
547c156fe365,2.664228486727519,42,/home/dominik/repo/checkpoints/sweep/compare-old/late_smallcnn_e042_de002.6642.pt,late,smallcnn,image+mean+meta,pixel+samsung,25,1.0,0.001,0.0001,sigmoid_eps,0.001,100
b2f1f9d6ba16,3.0171312286007788,46,/home/dominik/repo/checkpoints/sweep/compare-old/late_smallcnn_e046_de003.0171.pt,late,smallcnn,image+mean+meta,samsung,75,1.0,0.001,0.0001,sigmoid_eps,0.001,100
0483b580033f,3.2320046390312305,49,/home/dominik/repo/checkpoints/sweep/compare-old/late_smallcnn_e049_de003.2320.pt,late,smallcnn,image+meta,,75,1.0,0.001,0.0001,sigmoid_eps,0.001,100
079fbc8243f9,2.978818255086099,53,/home/dominik/repo/checkpoints/sweep/compare-old/late_smallcnn_e053_de002.9788.pt,late,smallcnn,image+meta,samsung,75,1.0,0.001,0.0001,sigmoid_eps,0.001,100
dc8d5d6de90b,2.549168678651373,53,/home/dominik/repo/checkpoints/sweep/compare-old/late_smallcnn_e053_de002.5492.pt,late,smallcnn,image+mean+meta,pixel+samsung,75,1.0,0.001,0.0001,sigmoid_eps,0.001,100
d8e2e6d2ff96,2.5398756825780295,57,/home/dominik/repo/checkpoints/sweep/compare-old/late_smallcnn_e057_de002.5399.pt,late,smallcnn,image+meta,pixel+samsung,75,1.0,0.001,0.0001,sigmoid_eps,0.001,100
3eb00abaddb4,3.043743574446526,77,/home/dominik/repo/checkpoints/sweep/compare-old/late_smallcnn_e077_de003.0437.pt,late,smallcnn,image+meta,,25,1.0,0.001,0.0001,sigmoid_eps,0.001,100
5ec80f46f4c6,2.732025400284798,84,/home/dominik/repo/checkpoints/sweep/compare-old/late_smallcnn_e084_de002.7320.pt,late,smallcnn,image+mean+meta,samsung,25,1.0,0.001,0.0001,sigmoid_eps,0.001,100
d2f521422ecc,3.0440814405247787,94,/home/dominik/repo/checkpoints/sweep/compare-old/late_smallcnn_e094_de003.0441.pt,late,smallcnn,image+mean+meta,,75,1.0,0.001,0.0001,sigmoid_eps,0.001,100
61d91036847f,2.344339949538909,95,/home/dominik/repo/checkpoints/sweep/compare-old/late_smallcnn_e095_de002.3443.pt,late,smallcnn,image+meta,pixel+samsung,25,1.0,0.001,0.0001,sigmoid_eps,0.001,100
a23566bbeab9,2.665178975751323,91,/home/dominik/repo/checkpoints/sweep/compare-old/late_smallcnn_e091_de002.6652.pt,late,smallcnn,image+meta,samsung,25,1.0,0.001,0.0001,sigmoid_eps,0.001,100
00609b8676a1,3.0103721860526265,94,/home/dominik/repo/checkpoints/sweep/compare-old/late_smallcnn_e094_de003.0104.pt,late,smallcnn,image+mean+meta,,25,1.0,0.001,0.0001,sigmoid_eps,0.001,100
